City_ID,City,Country,Date,Lat,Lng,Max Temp,Humidity,Cloudiness,Wind Speed
0,Upernavik,GL,2020-11-05 15:16:46,72.79,-56.15,9.93,94,77,3.56
1,Khash,IR,2020-11-05 15:16:46,28.22,61.22,55.38,29,0,5.75
2,Quelimane,MZ,2020-11-05 15:16:46,-17.88,36.89,87.01,66,0,16.11
3,Kaitangata,NZ,2020-11-05 15:16:46,-46.28,169.85,48.99,96,100,1.99
4,Namatanai,PG,2020-11-05 15:16:46,-3.67,152.43,80.55,79,96,5.59
5,Abu Dhabi,AE,2020-11-05 15:14:20,24.47,54.37,84.2,51,0,8.05
6,Hermanus,ZA,2020-11-05 15:13:24,-34.42,19.23,66.99,79,40,5.01
7,Hobart,AU,2020-11-05 15:12:06,-42.88,147.33,53.6,58,75,11.41
8,Umea,SE,2020-11-05 15:16:47,63.83,20.26,46.4,59,0,21.92
9,Ilulissat,GL,2020-11-05 15:16:47,69.22,-51.1,21.2,67,75,12.75
10,Hasaki,JP,2020-11-05 15:16:48,35.73,140.83,46.4,100,40,2.24
11,Rogaska Slatina,SI,2020-11-05 15:16:48,46.24,15.64,53.6,46,0,5.82
12,Terrace,CA,2020-11-05 15:16:48,54.52,-128.6,39.2,93,90,27.51
13,Tacna,PE,2020-11-05 15:16:48,-18.01,-70.25,66.2,68,0,6.93
14,Ushuaia,AR,2020-11-05 15:13:44,-54.8,-68.3,50.0,66,75,20.8
15,Chapais,CA,2020-11-05 15:16:48,49.78,-74.85,39.2,86,1,8.05
16,Zabid,YE,2020-11-05 15:16:48,14.2,43.32,84.42,51,1,9.55
17,Kahului,US,2020-11-05 15:16:49,20.89,-156.47,73.4,73,1,5.82
18,New Norfolk,AU,2020-11-05 15:16:49,-42.78,147.06,52.0,65,89,1.01
19,Kapaa,US,2020-11-05 15:16:49,22.08,-159.32,71.6,100,40,6.93
20,Wiarton,CA,2020-11-05 15:16:49,44.74,-81.13,59.0,58,75,17.22
21,Orocue,CO,2020-11-05 15:16:49,4.79,-71.34,84.36,72,87,4.65
22,Lebu,CL,2020-11-05 15:16:49,-37.62,-73.65,55.92,65,0,17.58
23,Rikitea,PF,2020-11-05 15:16:50,-23.12,-134.97,73.83,68,83,8.86
24,Sao Joao Da Barra,BR,2020-11-05 15:16:50,-21.64,-41.05,78.8,65,40,6.93
25,Iqaluit,CA,2020-11-05 15:16:50,63.75,-68.51,14.0,72,90,12.75
26,Barrow,US,2020-11-05 15:16:50,71.29,-156.79,17.6,78,90,11.41
27,Almaznyy,RU,2020-11-05 15:16:50,48.04,40.05,46.4,87,0,4.47
28,Ulladulla,AU,2020-11-05 15:16:50,-35.35,150.47,54.0,93,75,18.34
29,Atuona,PF,2020-11-05 15:16:51,-9.8,-139.03,78.42,77,11,23.47
30,Hithadhoo,MV,2020-11-05 15:16:51,-0.6,73.08,84.6,71,47,6.29
31,Cape Town,ZA,2020-11-05 15:12:47,-33.93,18.42,75.0,82,75,16.11
32,Hilo,US,2020-11-05 15:12:50,19.73,-155.09,71.6,73,1,8.05
33,Naze,JP,2020-11-05 15:16:51,28.37,129.48,73.4,78,75,11.41
34,Tuktoyaktuk,CA,2020-11-05 15:16:51,69.45,-133.04,8.6,84,90,18.34
35,Fredonia,US,2020-11-05 15:16:52,42.44,-79.33,62.6,42,1,13.87
36,Slave Lake,CA,2020-11-05 15:16:52,55.28,-114.77,30.2,92,90,4.7
37,Mehamn,NO,2020-11-05 15:16:52,71.04,27.85,37.4,93,75,9.17
38,Leningradskiy,RU,2020-11-05 15:16:52,69.38,178.42,20.14,97,100,5.97
39,Kasungu,MW,2020-11-05 15:16:52,-13.03,33.48,85.08,26,0,10.89
40,Torbay,CA,2020-11-05 15:16:52,47.67,-52.73,36.0,59,75,12.75
41,Tura,IN,2020-11-05 15:16:53,25.52,90.22,61.88,56,0,2.35
42,Ialibu,PG,2020-11-05 15:16:53,-6.28,143.99,57.34,99,100,0.72
43,Acapulco,MX,2020-11-05 15:16:53,16.86,-99.89,75.2,64,20,6.93
44,Pisco,PE,2020-11-05 15:16:53,-13.7,-76.22,66.0,82,90,3.36
45,Dikson,RU,2020-11-05 15:16:53,73.51,80.55,0.72,91,0,4.59
46,Ishigaki,JP,2020-11-05 15:16:53,24.34,124.16,79.5,87,100,25.28
47,Arraial Do Cabo,BR,2020-11-05 15:16:54,-22.97,-42.03,77.0,73,40,9.17
48,Isla Vista,US,2020-11-05 15:16:54,34.41,-119.86,71.01,71,1,4.7
49,Busselton,AU,2020-11-05 15:16:54,-33.65,115.33,64.0,41,17,15.77
50,Thompson,CA,2020-11-05 15:15:04,55.74,-97.86,1.4,84,75,4.7
51,Takoradi,GH,2020-11-05 15:16:54,4.88,-1.76,82.35,78,100,7.9
52,Katsuura,JP,2020-11-05 15:16:54,35.13,140.3,57.2,67,0,5.82
53,Puerto Ayora,EC,2020-11-05 15:16:55,-0.74,-90.35,71.01,78,95,10.0
54,Yellowknife,CA,2020-11-05 15:14:11,62.46,-114.35,8.6,84,75,10.29
55,Sur,OM,2020-11-05 15:16:55,22.57,59.53,74.07,57,0,4.0
56,Jamestown,US,2020-11-05 15:16:55,42.1,-79.24,57.99,50,1,13.87
57,Vaini,TO,2020-11-05 15:16:55,-21.2,-175.2,73.4,88,75,10.29
58,Lagoa,PT,2020-11-05 15:16:55,39.05,-27.98,61.95,71,100,21.85
59,North Bend,US,2020-11-05 15:16:56,43.41,-124.22,60.01,100,90,3.36
60,Talnakh,RU,2020-11-05 15:16:56,69.49,88.4,-0.4,84,0,4.47
61,Tucuma,BR,2020-11-05 15:16:56,-0.18,-50.05,87.21,66,60,7.45
62,Urdoma,RU,2020-11-05 15:16:56,61.75,48.54,38.61,88,74,8.7
63,Avarua,CK,2020-11-05 15:16:56,-21.21,-159.78,71.6,88,100,4.7
64,Henties Bay,NA,2020-11-05 15:16:56,-22.12,14.28,64.99,82,13,5.01
65,Kasama,ZM,2020-11-05 15:16:57,-10.21,31.18,88.54,18,1,4.54
66,Butaritari,KI,2020-11-05 15:16:57,3.07,172.79,81.1,80,99,10.74
67,Ucluelet,CA,2020-11-05 15:14:30,48.93,-125.55,51.01,93,100,1.01
68,Saskylakh,RU,2020-11-05 15:16:57,71.92,114.08,-0.36,92,100,6.62
69,Haifa,IL,2020-11-05 15:16:57,32.82,34.99,71.6,56,75,3.36
70,Port Alfred,ZA,2020-11-05 15:14:36,-33.59,26.89,68.9,75,86,2.53
71,Polyarnyy,RU,2020-11-05 15:16:57,69.2,33.45,35.6,93,75,6.71
72,Atar,MR,2020-11-05 15:16:58,20.52,-13.05,98.6,27,98,6.93
73,Georgetown,MY,2020-11-05 15:15:10,5.41,100.34,80.6,88,20,3.36
74,Camana,PE,2020-11-05 15:16:58,-16.62,-72.71,69.58,63,1,11.03
75,Kholtoson,RU,2020-11-05 15:16:58,50.3,103.31,25.09,81,25,10.96
76,Punta Arenas,CL,2020-11-05 15:14:09,-53.15,-70.92,51.8,66,75,20.8
77,Areosa,PT,2020-11-05 15:16:58,41.72,-8.86,69.01,63,0,18.34
78,Bend,US,2020-11-05 15:16:58,44.06,-121.32,55.4,54,1,12.75
79,Trairi,BR,2020-11-05 15:16:59,-3.28,-39.27,87.96,56,55,15.26
80,Faanui,PF,2020-11-05 15:16:59,-16.48,-151.75,78.93,82,36,14.85
81,Canelones,UY,2020-11-05 15:16:59,-34.64,-56.29,73.0,56,40,14.99
82,Alice Springs,AU,2020-11-05 15:14:16,-23.7,133.88,69.8,26,0,8.05
83,Nouadhibou,MR,2020-11-05 15:16:59,20.93,-17.03,82.4,51,63,6.93
84,At-Bashi,KG,2020-11-05 15:16:59,41.17,75.81,32.5,63,49,6.62
85,Hlotse,LS,2020-11-05 15:17:00,-28.87,28.05,61.29,71,80,13.58
86,Qaanaaq,GL,2020-11-05 15:17:00,77.48,-69.36,-4.0,86,100,0.49
87,Port Elizabeth,ZA,2020-11-05 15:17:00,-33.92,25.57,68.0,88,0,14.99
88,Coquimbo,CL,2020-11-05 15:17:00,-29.95,-71.34,60.8,72,20,12.75
89,Elk City,US,2020-11-05 15:17:00,35.41,-99.4,53.6,66,1,11.41
90,Ribeira Grande,PT,2020-11-05 15:17:01,38.52,-28.7,62.6,72,40,13.87
91,Tezu,IN,2020-11-05 15:17:01,27.92,96.17,66.92,64,0,4.05
92,Bako,ET,2020-11-05 15:17:01,5.78,36.57,70.52,78,6,2.66
93,Jalu,LY,2020-11-05 15:17:01,29.03,21.55,75.2,40,0,10.78
94,East London,ZA,2020-11-05 15:17:01,-33.02,27.91,66.2,93,0,9.17
95,Ulaanbaatar,MN,2020-11-05 15:16:45,47.91,106.88,23.0,45,40,4.47
96,Howard Springs,AU,2020-11-05 15:17:02,-12.5,131.05,84.2,79,40,5.82
97,Hambantota,LK,2020-11-05 15:17:02,6.12,81.12,80.6,94,40,5.82
98,Presidencia Roque Saenz Pena,AR,2020-11-05 15:17:02,-26.79,-60.44,84.02,25,13,8.08
99,Belaya Kholunitsa,RU,2020-11-05 15:17:02,58.84,50.85,39.87,94,100,7.87
100,Esperance,AU,2020-11-05 15:17:02,-33.87,121.9,53.6,76,43,14.99
101,Bluff,NZ,2020-11-05 15:17:02,-46.6,168.33,45.0,93,100,1.99
102,Albany,US,2020-11-05 15:17:03,42.6,-73.97,57.0,48,11,1.01
103,Mataura,NZ,2020-11-05 15:17:03,-46.19,168.86,45.0,93,100,1.99
104,Ambon,ID,2020-11-05 15:17:03,-3.7,128.18,81.0,91,77,3.56
105,Saint George,US,2020-11-05 15:15:04,37.1,-113.58,48.2,42,1,2.77
106,Primalkinskoye,RU,2020-11-05 15:17:03,43.75,44.01,51.8,66,20,2.89
107,Da Nang,VN,2020-11-05 15:17:03,16.07,108.22,73.4,94,90,3.36
108,Lata,PT,2020-11-05 15:17:04,40.16,-8.33,64.99,79,100,10.0
109,Alamogordo,US,2020-11-05 15:17:04,32.9,-105.96,57.99,61,1,6.08
110,Dakoro,NE,2020-11-05 15:17:04,14.51,6.76,94.64,16,0,14.65
111,Namibe,AO,2020-11-05 15:17:04,-15.2,12.15,80.6,65,0,13.87
112,Grindavik,IS,2020-11-05 15:17:05,63.84,-22.43,44.6,70,90,50.55
113,Pevek,RU,2020-11-05 15:17:05,69.7,170.31,22.39,95,100,10.38
114,Narsaq,GL,2020-11-05 15:17:05,60.92,-46.05,23.0,62,20,25.28
115,Cherskiy,RU,2020-11-05 15:17:05,68.75,161.3,19.56,93,100,11.92
116,Guerrero Negro,MX,2020-11-05 15:17:05,27.98,-114.06,73.74,51,66,5.48
117,Vangaindrano,MG,2020-11-05 15:17:05,-23.35,47.6,74.39,80,96,9.06
118,Aleppo,SY,2020-11-05 15:17:06,36.25,37.5,60.37,71,91,13.35
119,Kushima,JP,2020-11-05 15:17:06,31.46,131.23,57.9,74,0,5.57
120,Kalabo,ZM,2020-11-05 15:17:06,-14.97,22.68,90.75,30,15,4.36
121,Pedregulho,BR,2020-11-05 15:17:06,-20.26,-47.48,80.35,32,0,6.44
122,Necochea,AR,2020-11-05 15:17:06,-38.55,-58.74,69.55,56,60,16.62
123,Provideniya,RU,2020-11-05 15:17:06,64.38,-173.3,36.43,95,100,15.95
124,Gwadar,PK,2020-11-05 15:17:07,25.12,62.33,76.55,67,0,13.69
125,Banjar,ID,2020-11-05 15:17:07,-8.19,114.97,78.96,81,23,4.56
126,Noyabrsk,RU,2020-11-05 15:14:30,63.2,75.45,15.93,97,57,2.89
127,Gasa,PS,2020-11-05 15:17:07,31.5,34.47,71.6,56,20,12.75
128,Norman Wells,CA,2020-11-05 15:17:07,65.28,-126.83,-4.0,83,75,3.36
129,Carnarvon,AU,2020-11-05 15:17:07,-24.87,113.63,71.6,94,0,17.22
130,Baruun-Urt,MN,2020-11-05 15:17:08,46.68,113.28,27.54,86,0,15.23
131,Clyde River,CA,2020-11-05 15:17:08,70.47,-68.59,-2.2,70,1,19.46
132,Erzin,TR,2020-11-05 15:17:08,36.96,36.2,66.99,71,89,1.3
133,Amapa,BR,2020-11-05 15:17:08,1.0,-52.0,93.38,44,80,3.96
134,Spearfish,US,2020-11-05 15:17:08,44.49,-103.86,64.4,22,1,13.87
135,Kampar,MY,2020-11-05 15:17:08,4.3,101.15,78.8,88,20,3.36
136,Tirumullaivasal,IN,2020-11-05 15:17:09,11.23,79.83,82.06,78,81,8.79
137,Salalah,OM,2020-11-05 15:13:32,17.02,54.09,80.6,54,0,8.05
138,Kavaratti,IN,2020-11-05 15:17:09,10.57,72.64,84.07,71,46,3.22
139,Pacific Grove,US,2020-11-05 15:15:01,36.62,-121.92,51.8,71,1,4.7
140,Longyearbyen,SJ,2020-11-05 15:17:09,78.22,15.64,35.6,80,75,18.34
141,Tiksi,RU,2020-11-05 15:17:09,71.69,128.87,8.35,95,100,5.28
142,Teguldet,RU,2020-11-05 15:17:10,57.31,88.17,33.35,96,100,13.29
143,Goya,AR,2020-11-05 15:17:10,-29.14,-59.26,74.57,35,23,10.11
144,Saint-Pierre,RE,2020-11-05 15:17:10,-21.34,55.48,73.4,73,16,14.99
145,Kavieng,PG,2020-11-05 15:17:10,-2.57,150.8,81.95,69,100,7.63
146,Praia,CV,2020-11-05 15:17:10,14.92,-23.51,84.2,62,40,5.82
147,Byron Bay,AU,2020-11-05 15:17:10,-28.65,153.62,68.0,72,90,14.99
148,Chokurdakh,RU,2020-11-05 15:17:10,70.63,147.92,0.64,94,98,9.51
149,Khani,GE,2020-11-05 15:17:11,41.96,42.96,64.4,82,90,6.93
150,Sri Aman,MY,2020-11-05 15:17:11,1.24,111.46,77.0,94,100,0.56
151,Kodiak,US,2020-11-05 15:17:11,57.79,-152.41,32.0,82,1,8.05
152,Mongo,TD,2020-11-05 15:17:11,12.18,18.69,95.45,15,100,10.11
153,Salta,AR,2020-11-05 15:17:11,-24.79,-65.41,78.8,27,0,3.36
154,Ormara,PK,2020-11-05 15:17:11,25.21,64.64,77.38,70,0,8.95
155,Boa Vista,BR,2020-11-05 15:17:12,2.82,-60.67,84.2,66,40,5.82
156,Cordele,US,2020-11-05 15:17:12,31.96,-83.78,62.6,59,90,8.05
157,Tavda,RU,2020-11-05 15:17:12,58.04,65.27,31.84,98,62,6.87
158,Wattegama,LK,2020-11-05 15:17:12,6.8,81.48,80.6,94,40,5.82
159,Centralia,US,2020-11-05 15:15:11,46.72,-122.95,55.99,100,100,7.05
160,Ambilobe,MG,2020-11-05 15:17:13,-13.2,49.05,79.48,71,44,3.69
161,Muravlenko,RU,2020-11-05 15:17:13,63.79,74.52,13.33,97,35,4.83
162,Buhovo,BG,2020-11-05 15:17:13,42.77,23.57,51.8,66,0,5.82
163,Airai,TL,2020-11-05 15:17:13,-8.93,125.41,63.93,70,65,1.68
164,Brae,GB,2020-11-05 15:17:13,60.4,-1.35,51.8,93,75,31.09
165,Vostok,RU,2020-11-05 15:17:13,46.49,135.88,24.21,96,99,4.9
166,Kandi,BJ,2020-11-05 15:17:14,11.13,2.94,97.99,18,63,8.81
167,Bredasdorp,ZA,2020-11-05 15:17:14,-34.53,20.04,68.0,82,48,8.05
168,Beloha,MG,2020-11-05 15:17:14,-25.17,45.05,74.88,66,40,9.6
169,Port Lincoln,AU,2020-11-05 15:17:14,-34.73,135.87,52.2,73,100,8.43
170,Cidreira,BR,2020-11-05 15:17:14,-30.18,-50.21,67.15,75,55,17.11
171,Livingston,GB,2020-11-05 15:17:14,55.9,-3.52,55.4,82,20,14.99
172,Sibolga,ID,2020-11-05 15:17:14,1.74,98.78,78.82,77,99,2.98
173,Springbok,ZA,2020-11-05 15:17:15,-29.66,17.89,64.78,57,56,17.0
174,Zhelyabovka,UA,2020-11-05 15:17:15,45.4,34.76,53.19,67,0,4.72
175,Auki,SB,2020-11-05 15:17:15,-8.77,160.7,78.53,83,100,3.13
176,Deputatskiy,RU,2020-11-05 15:17:15,69.3,139.9,-14.3,79,55,1.95
177,San Andres,CO,2020-11-05 15:17:15,12.58,-81.7,78.8,94,90,4.7
178,Tessalit,ML,2020-11-05 15:17:15,20.2,1.01,93.38,11,30,1.12
179,Boyolangu,ID,2020-11-05 15:17:16,-8.12,111.89,77.81,87,100,3.96
180,Wajir,KE,2020-11-05 15:17:16,1.75,40.06,85.69,55,56,10.11
181,Chuy,UY,2020-11-05 15:17:16,-33.7,-53.46,68.68,61,1,13.85
182,Aasiaat,GL,2020-11-05 15:17:17,68.71,-52.87,15.12,94,97,10.85
183,Piacabucu,BR,2020-11-05 15:17:17,-10.41,-36.43,85.24,61,32,14.94
184,Suntar,RU,2020-11-05 15:17:18,62.14,117.63,6.3,95,67,2.15
185,Sao Miguel Do Araguaia,BR,2020-11-05 15:17:18,-13.28,-50.16,93.83,42,49,2.01
186,Maragogi,BR,2020-11-05 15:15:17,-9.01,-35.22,84.18,65,97,11.95
187,Constitucion,CL,2020-11-05 15:14:59,-35.33,-72.42,61.05,43,0,17.6
188,Grimma,DE,2020-11-05 15:17:18,51.23,12.72,48.99,75,0,4.72
189,Chase,CA,2020-11-05 15:17:19,50.82,-119.69,57.2,64,100,6.93
190,Krasnoselkup,RU,2020-11-05 15:17:19,65.7,82.47,-4.67,89,0,3.96
191,Walvis Bay,NA,2020-11-05 15:17:19,-22.96,14.51,73.4,49,0,4.7
192,Saint-Philippe,RE,2020-11-05 15:17:19,-21.36,55.77,73.4,73,57,14.99
193,Constantine,DZ,2020-11-05 15:17:19,36.37,6.61,75.2,29,0,3.36
194,Ancud,CL,2020-11-05 15:17:20,-41.87,-73.82,60.01,81,75,8.05
195,Saldanha,ZA,2020-11-05 15:17:20,-33.01,17.94,64.4,93,83,8.05
196,Comodoro Rivadavia,AR,2020-11-05 15:16:59,-45.87,-67.5,66.2,34,0,19.46
197,Killybegs,IE,2020-11-05 15:17:20,54.63,-8.45,50.0,93,90,4.7
198,Malanje,AO,2020-11-05 15:17:20,-9.54,16.34,84.2,74,75,8.05
199,Pangnirtung,CA,2020-11-05 15:17:20,66.15,-65.71,10.4,55,20,13.87
200,Taoudenni,ML,2020-11-05 15:17:20,22.68,-3.98,99.55,8,11,13.85
201,Severo-Kurilsk,RU,2020-11-05 15:17:21,50.68,156.12,35.92,83,87,31.83
202,Wanning,CN,2020-11-05 15:17:21,18.8,110.4,74.41,93,100,11.52
203,Port Hardy,CA,2020-11-05 15:13:57,50.7,-127.42,46.4,81,75,3.36
204,Kargil,IN,2020-11-05 15:17:21,34.57,76.1,31.59,81,100,3.76
205,Bilma,NE,2020-11-05 15:17:21,18.69,12.92,87.84,13,5,4.85
206,Khatanga,RU,2020-11-05 15:17:21,71.97,102.5,-8.59,90,26,4.97
207,Otane,NZ,2020-11-05 15:17:21,-39.88,176.63,55.72,96,97,2.59
208,Biltine,TD,2020-11-05 15:17:22,14.53,20.92,91.85,11,56,9.84
209,Bukama,CD,2020-11-05 15:17:22,-9.2,25.85,91.58,40,100,3.71
210,Vestmannaeyjar,IS,2020-11-05 15:17:22,63.44,-20.27,48.2,76,90,41.38
211,Bilibino,RU,2020-11-05 15:17:22,68.05,166.44,11.43,91,100,8.97
212,Tasiilaq,GL,2020-11-05 15:17:22,65.61,-37.64,28.4,92,90,6.93
213,Plettenberg Bay,ZA,2020-11-05 15:17:22,-34.05,23.37,69.55,76,100,5.75
214,Skibbereen,IE,2020-11-05 15:17:22,51.55,-9.27,50.0,66,20,5.82
215,Castro,BR,2020-11-05 15:12:47,-24.79,-50.01,61.41,68,100,3.49
216,Victoria,HK,2020-11-05 15:17:23,22.29,114.16,73.0,80,8,1.01
217,Puerto Carreno,CO,2020-11-05 15:17:23,6.19,-67.49,83.53,74,56,4.12
218,Fasa,IR,2020-11-05 15:17:23,28.94,53.65,69.8,22,0,1.12
219,Nome,US,2020-11-05 15:17:23,64.5,-165.41,30.99,92,90,40.26
220,Lompoc,US,2020-11-05 15:13:41,34.64,-120.46,55.4,70,1,8.05
221,Kajaani,FI,2020-11-05 15:17:24,64.23,27.73,42.8,75,75,19.46
222,Mossendjo,CG,2020-11-05 15:17:24,-2.95,12.73,75.0,94,100,3.47
223,Svetlaya,RU,2020-11-05 15:17:24,46.54,138.33,36.45,74,100,9.46
224,San Ignacio,BZ,2020-11-05 15:13:03,17.16,-89.07,73.99,100,75,9.17
225,General Pico,AR,2020-11-05 15:17:24,-35.66,-63.76,76.28,35,70,7.05
226,Oranjemund,NA,2020-11-05 15:17:25,-28.55,16.43,64.02,77,73,10.85
227,Fortuna,US,2020-11-05 15:17:25,40.6,-124.16,54.0,100,90,5.82
228,Zavitinsk,RU,2020-11-05 15:17:25,50.12,129.45,18.3,95,33,5.61
229,Ostrovnoy,RU,2020-11-05 15:17:25,68.05,39.51,37.65,86,100,15.99
230,Neepawa,CA,2020-11-05 15:17:25,50.23,-99.47,33.8,84,90,8.05
231,Keti Bandar,PK,2020-11-05 15:17:26,24.14,67.45,79.63,63,0,8.95
232,Mananara,MG,2020-11-05 15:17:26,-16.17,49.77,73.85,82,1,4.34
233,Shimoda,JP,2020-11-05 15:17:26,34.67,138.95,59.18,63,0,3.87
234,Batagay-Alyta,RU,2020-11-05 15:17:26,67.8,130.41,-12.95,84,0,1.57
235,Borogontsy,RU,2020-11-05 15:17:26,62.67,131.17,-0.27,93,100,2.08
236,Aksu,CN,2020-11-05 15:17:26,41.12,80.26,43.75,50,21,5.91
237,Nurobod,UZ,2020-11-05 15:17:27,40.91,69.8,55.4,32,0,2.24
238,Zavodouspenskoye,RU,2020-11-05 15:17:27,56.86,65.02,35.6,99,0,8.95
239,Saint-Augustin,CA,2020-11-05 15:17:27,51.23,-58.65,32.09,81,100,10.63
240,Nemuro,JP,2020-11-05 15:17:27,43.32,145.57,46.85,66,0,18.99
241,Srednekolymsk,RU,2020-11-05 15:17:27,67.45,153.68,18.86,97,100,22.55
242,Itaberai,BR,2020-11-05 15:17:27,-16.02,-49.81,85.05,46,7,4.16
243,Nikolskoye,RU,2020-11-05 15:17:27,59.7,30.79,46.4,75,90,20.13
244,Bethel,US,2020-11-05 15:17:28,41.37,-73.41,60.01,76,1,11.41
245,Ekhabi,RU,2020-11-05 15:17:29,53.51,142.97,27.88,95,100,22.24
246,Franklin,US,2020-11-05 15:15:46,39.97,-83.02,57.99,66,1,16.11
247,Shagamu,NG,2020-11-05 15:17:29,6.84,3.65,91.4,55,40,5.82
248,Molina,CL,2020-11-05 15:17:29,-35.12,-71.28,66.99,58,0,8.05
249,Mount Isa,AU,2020-11-05 15:17:29,-20.73,139.5,82.4,20,0,18.34
250,Koumac,NC,2020-11-05 15:17:30,-20.57,164.28,74.44,83,24,2.42
251,Iwaki,JP,2020-11-05 15:17:30,37.05,140.88,48.99,97,17,6.06
252,Tayu,ID,2020-11-05 15:17:30,-6.54,111.05,79.36,73,100,4.5
253,Codrington,AU,2020-11-05 15:17:30,-38.27,141.97,51.37,68,100,6.98
254,Krasnovishersk,RU,2020-11-05 15:17:30,60.41,57.08,36.86,94,100,10.87
255,Adeje,ES,2020-11-05 15:17:30,28.12,-16.73,75.2,47,40,18.34
256,Aykino,RU,2020-11-05 15:17:31,62.22,49.99,38.7,87,89,7.99
257,Raudeberg,NO,2020-11-05 15:17:31,61.99,5.14,51.8,93,90,19.46
258,Touros,BR,2020-11-05 15:14:20,-5.2,-35.46,87.8,62,75,18.34
259,Bocas Del Toro,PA,2020-11-05 15:17:31,9.33,-82.25,66.0,97,100,3.56
260,Hovd,MN,2020-11-05 15:17:31,48.01,91.64,31.06,73,9,8.01
261,Robertsport,LR,2020-11-05 15:17:32,6.75,-11.37,83.14,69,34,6.67
262,Sao Filipe,CV,2020-11-05 15:17:32,14.9,-24.5,77.67,72,78,4.88
263,Fort Morgan,US,2020-11-05 15:17:32,40.25,-103.8,46.4,49,1,3.36
264,Salekhard,RU,2020-11-05 15:17:32,66.53,66.6,17.65,97,100,7.36
265,West Wendover,US,2020-11-05 15:17:32,40.74,-114.07,35.6,64,1,0.65
266,Zhuanghe,CN,2020-11-05 15:17:32,39.7,122.99,53.01,77,100,7.67
267,Itarema,BR,2020-11-05 15:17:33,-2.92,-39.92,87.93,55,17,17.31
268,Lodwar,KE,2020-11-05 15:17:33,3.12,35.6,92.26,32,0,17.0
269,Paita,PE,2020-11-05 15:17:33,-5.09,-81.11,68.0,77,0,17.22
270,Alofi,NU,2020-11-05 15:17:33,-19.06,-169.92,71.6,94,13,9.17
271,Macamic,CA,2020-11-05 15:17:33,48.75,-79.0,46.4,87,20,10.29
272,Emerald,AU,2020-11-05 15:17:34,-23.53,148.17,75.2,60,0,5.82
273,Geraldton,AU,2020-11-05 15:17:34,-28.77,114.6,69.8,77,0,13.87
274,Kruisfontein,ZA,2020-11-05 15:17:34,-34.0,24.73,70.0,84,99,4.0
275,Mandalgovi,MN,2020-11-05 15:17:34,45.76,106.27,25.39,70,0,15.59
276,Chicama,PE,2020-11-05 15:17:34,-7.84,-79.15,60.8,87,90,9.17
277,Port Macquarie,AU,2020-11-05 15:17:34,-31.43,152.92,59.0,81,33,1.99
278,Luderitz,NA,2020-11-05 15:17:34,-26.65,15.16,66.11,68,1,13.51
279,Petropavlovsk-Kamchatskiy,RU,2020-11-05 15:17:35,53.05,158.65,32.0,83,90,8.95
280,Bandarbeyla,SO,2020-11-05 15:17:35,9.49,50.81,76.03,59,16,15.5
281,Guymon,US,2020-11-05 15:17:35,36.68,-101.48,60.8,36,1,16.11
282,Nizwa,OM,2020-11-05 15:17:35,22.93,57.53,68.4,28,0,2.21
283,Ocos,GT,2020-11-05 15:17:35,14.51,-92.19,78.8,100,90,2.24
284,Komsomolskiy,UZ,2020-11-05 15:17:36,40.43,71.72,46.4,49,0,6.93
285,Bubaque,GW,2020-11-05 15:17:36,11.28,-15.83,84.22,69,0,7.7
286,Lufilufi,WS,2020-11-05 15:17:36,-13.87,-171.6,77.0,88,75,21.52
287,Hamina,FI,2020-11-05 15:17:36,60.57,27.2,44.6,75,75,14.99
288,Vila Franca Do Campo,PT,2020-11-05 15:17:36,37.72,-25.43,64.99,67,40,12.75
289,Nikel,RU,2020-11-05 15:17:37,69.41,30.22,33.8,96,75,13.87
290,Raisen,IN,2020-11-05 15:17:37,23.33,77.8,69.21,24,0,1.41
291,Simao,CN,2020-11-05 15:16:41,22.79,100.97,60.98,96,20,1.86
292,San Patricio,US,2020-11-05 15:17:37,28.02,-97.52,73.99,93,20,3.36
293,Chara,RU,2020-11-05 15:17:37,56.91,118.26,6.1,78,70,0.65
294,Chitral,PK,2020-11-05 15:17:37,35.85,71.79,53.76,34,0,1.25
295,Berlevag,NO,2020-11-05 15:17:38,70.86,29.09,33.8,86,40,8.05
296,Dromolaxia,CY,2020-11-05 15:17:38,34.88,33.59,71.6,46,20,6.93
297,Egvekinot,RU,2020-11-05 15:17:38,66.32,-179.17,30.24,100,100,14.74
298,Mar Del Plata,AR,2020-11-05 15:14:37,-38.0,-57.56,68.0,49,0,20.8
299,Two Rivers,US,2020-11-05 15:17:39,44.15,-87.57,57.0,71,20,6.93
300,Maniitsoq,GL,2020-11-05 15:17:39,65.42,-52.9,22.84,89,30,20.13
301,Paamiut,GL,2020-11-05 15:17:39,61.99,-49.67,25.56,91,100,8.88
302,Sovetskiy,RU,2020-11-05 15:17:39,61.36,63.58,33.28,94,100,8.72
303,Vao,NC,2020-11-05 15:17:39,-22.67,167.48,73.63,85,1,7.2
304,Nanortalik,GL,2020-11-05 15:17:40,60.14,-45.24,29.21,90,57,44.72
305,Hegang,CN,2020-11-05 15:17:40,47.4,130.37,26.85,89,80,2.84
306,Yishui,CN,2020-11-05 15:17:40,35.78,118.63,55.06,66,99,5.75
307,Port Augusta,AU,2020-11-05 15:17:40,-32.5,137.77,57.2,67,70,10.29
308,Lakatoro,VU,2020-11-05 15:17:40,-16.1,167.42,78.64,84,33,7.18
309,Placer,US,2020-11-05 15:17:41,39.07,-120.77,60.01,27,0,4.0
310,Rio Grande,BR,2020-11-05 15:13:55,-32.03,-52.1,73.4,56,75,16.11
311,Songadh,IN,2020-11-05 15:17:41,21.17,73.57,75.34,36,0,5.39
312,Santa Lucia,ES,2020-11-05 15:17:41,27.91,-15.54,71.6,68,40,19.46
313,Domna,RU,2020-11-05 15:17:41,51.9,113.16,21.2,85,100,2.24
314,Luanda,AO,2020-11-05 15:17:31,-8.84,13.23,84.2,70,40,8.05
315,Erfurt,DE,2020-11-05 15:17:42,50.98,11.03,46.4,70,20,2.24
316,Cabo San Lucas,MX,2020-11-05 15:17:42,22.89,-109.91,71.6,49,5,9.17
317,Havoysund,NO,2020-11-05 15:17:42,71.0,24.66,39.2,93,75,9.17
318,Parana,AR,2020-11-05 15:15:35,-31.73,-60.52,79.0,30,0,3.0
319,Caravelas,BR,2020-11-05 15:17:42,-17.71,-39.25,72.0,96,100,4.5
320,Aklavik,CA,2020-11-05 15:17:42,68.22,-135.01,-0.4,84,75,5.82
321,Sawtell,AU,2020-11-05 15:17:42,-30.38,153.1,57.2,87,17,6.93
322,Mahebourg,MU,2020-11-05 15:17:43,-20.41,57.7,75.2,64,20,6.93
323,Puerto Del Rosario,ES,2020-11-05 15:17:43,28.5,-13.86,73.4,64,40,20.8
324,Avera,US,2020-11-05 15:17:43,33.19,-82.53,66.2,59,1,10.29
325,Estevan,CA,2020-11-05 15:17:43,49.13,-102.98,48.2,70,1,14.99
326,Nam Phong,TH,2020-11-05 15:17:43,16.7,102.86,80.01,78,20,5.82
327,Hamilton,US,2020-11-05 15:17:44,39.18,-84.53,59.0,66,1,3.36
328,Unnao,IN,2020-11-05 15:17:44,26.53,80.5,66.2,88,0,2.53
329,Nyaunglebin,MM,2020-11-05 15:17:44,17.95,96.73,76.53,85,0,1.16
330,Dzerzhinskoye,RU,2020-11-05 15:17:44,56.83,95.23,33.94,89,100,17.11
331,Krasnyy Yar,RU,2020-11-05 15:17:45,46.53,48.35,57.2,67,0,4.47
332,Serenje,ZM,2020-11-05 15:17:45,-13.23,30.24,85.91,19,0,10.47
333,Nabire,ID,2020-11-05 15:17:45,-3.37,135.48,76.8,87,100,3.76
334,Pudozh,RU,2020-11-05 15:17:45,61.81,36.53,42.4,85,100,16.15
335,Nijar,ES,2020-11-05 15:17:45,36.97,-2.21,72.0,60,0,13.87
336,Sharjah,AE,2020-11-05 15:17:46,25.36,55.4,86.0,55,0,8.05
337,Joshimath,IN,2020-11-05 15:17:46,30.57,79.57,46.4,50,11,2.98
338,Shahrud,IR,2020-11-05 15:17:46,36.42,54.98,58.91,34,1,1.59
339,Bengkulu,ID,2020-11-05 15:17:46,-3.8,102.27,78.15,87,100,3.56
340,Vila Velha,BR,2020-11-05 15:14:54,-20.33,-40.29,80.6,65,40,11.41
341,Olafsvik,IS,2020-11-05 15:17:46,64.89,-23.71,44.78,69,81,49.86
342,Keffi,NG,2020-11-05 15:17:47,8.85,7.87,91.4,38,100,9.17
343,Half Moon Bay,US,2020-11-05 15:17:29,37.46,-122.43,59.0,100,1,5.46
344,Bambous Virieux,MU,2020-11-05 15:17:47,-20.34,57.76,75.2,64,20,6.93
345,Whitehorse,CA,2020-11-05 15:17:47,60.72,-135.05,1.4,64,90,13.87
346,Kuytun,RU,2020-11-05 15:17:47,54.34,101.5,27.0,94,100,7.11
347,Lloydminster,CA,2020-11-05 15:17:48,53.28,-110.0,30.2,92,90,10.29
348,Alekseyevka,RU,2020-11-05 15:17:48,50.63,38.69,49.33,77,89,5.79
349,Anqing,CN,2020-11-05 15:17:48,30.51,117.05,64.92,51,79,3.02
350,Beira,MZ,2020-11-05 15:17:48,-19.84,34.84,82.4,83,75,17.22
351,Middleton,GB,2020-11-05 15:15:05,53.55,-2.2,50.0,95,100,3.62
352,Canarana,BR,2020-11-05 15:17:49,-11.68,-41.77,79.03,64,90,2.84
353,Charlestown,AU,2020-11-05 15:17:49,-32.95,151.67,57.99,89,80,1.01
354,Sal Rei,CV,2020-11-05 15:17:49,16.18,-22.92,80.6,74,40,10.29
355,Sorland,NO,2020-11-05 15:17:49,67.67,12.69,44.6,70,90,43.73
356,Port-Gentil,GA,2020-11-05 15:17:49,-0.72,8.78,84.2,74,20,13.87
357,Pasni,PK,2020-11-05 15:17:49,25.26,63.47,76.14,75,0,12.17
358,Rockingham,US,2020-11-05 15:17:50,42.97,-71.1,62.01,61,0,4.0
359,Boende,CD,2020-11-05 15:17:50,-0.22,20.87,72.73,98,100,1.59
360,Vegreville,CA,2020-11-05 15:17:50,53.5,-112.05,30.2,92,69,2.24
361,Mizan Teferi,ET,2020-11-05 15:17:50,6.98,35.58,67.8,88,20,0.6
362,Muhos,FI,2020-11-05 15:17:51,64.81,25.99,44.6,70,0,17.22
363,Buala,SB,2020-11-05 15:17:51,-8.14,159.59,80.62,77,100,0.49
364,Tocopilla,CL,2020-11-05 15:17:51,-22.09,-70.2,69.53,45,19,9.15
365,Port Pirie,AU,2020-11-05 15:17:51,-33.18,138.02,57.2,67,99,10.29
366,Curaca,BR,2020-11-05 15:17:51,-8.99,-39.91,86.4,52,83,9.44
367,Souillac,MU,2020-11-05 15:17:52,-20.52,57.52,75.2,64,20,6.93
368,Tomatlan,MX,2020-11-05 15:17:52,19.93,-105.25,78.39,53,2,2.48
369,Ossora,RU,2020-11-05 15:17:52,59.24,163.07,31.59,90,3,7.92
370,Erenhot,CN,2020-11-05 15:17:52,43.65,111.98,38.55,62,34,14.76
371,Vardo,NO,2020-11-05 15:17:53,70.37,31.11,37.4,93,75,17.22
372,Labuhan,ID,2020-11-05 15:17:53,-6.88,112.21,81.84,75,99,3.56
373,Liusha,CN,2020-11-05 15:17:53,27.21,108.59,54.99,82,100,2.26
374,Valparaiso,CL,2020-11-05 15:17:53,-33.04,-71.63,60.8,59,0,5.82
375,Teberda,RU,2020-11-05 15:17:54,43.45,41.74,50.31,59,99,0.51
376,Yeniseysk,RU,2020-11-05 15:17:54,58.45,92.17,24.82,95,100,11.56
377,Cairns,AU,2020-11-05 15:16:16,-16.92,145.77,71.6,88,59,1.12
378,Beruwala,LK,2020-11-05 15:17:54,6.48,79.98,80.76,80,100,2.44
379,Stromness,GB,2020-11-05 15:17:54,58.97,-3.3,53.6,81,20,29.97
380,Arvika,SE,2020-11-05 15:17:54,59.66,12.59,53.6,66,0,6.93
381,Hluti,SZ,2020-11-05 15:17:54,-27.22,31.62,71.6,94,99,3.36
382,Los Llanos De Aridane,ES,2020-11-05 15:17:55,28.66,-17.92,71.6,64,40,5.82
383,Black Forest,US,2020-11-05 15:17:55,39.01,-104.7,53.6,32,1,1.25
384,Bud,US,2020-11-05 15:17:11,39.45,-86.18,57.99,62,1,6.93
385,Hibbing,US,2020-11-05 15:17:55,47.43,-92.94,42.8,86,1,5.82
386,Arman,RU,2020-11-05 15:17:55,59.7,150.17,6.12,87,100,11.21
387,Okato,NZ,2020-11-05 15:17:55,-39.2,173.88,60.01,97,100,13.6
388,Cochabamba,BO,2020-11-05 15:14:29,-17.39,-66.16,73.4,27,20,3.36
389,Hualmay,PE,2020-11-05 15:17:56,-11.1,-77.61,67.87,66,48,10.11
390,Flinders,AU,2020-11-05 15:17:56,-34.58,150.86,55.99,85,99,4.0
391,Harper,LR,2020-11-05 15:17:56,4.38,-7.72,84.06,71,23,7.45
392,Rawlins,US,2020-11-05 15:17:56,41.79,-107.24,46.4,36,1,6.93
393,Evanston,US,2020-11-05 15:17:00,42.04,-87.69,62.01,51,100,3.0
394,Abramovka,RU,2020-11-05 15:17:57,51.19,41.02,46.26,89,22,6.69
395,Sitka,US,2020-11-05 15:17:57,57.05,-135.33,37.4,69,75,18.34
396,Langfang,CN,2020-11-05 15:17:57,39.51,116.69,55.0,56,100,6.17
397,Isangel,VU,2020-11-05 15:17:58,-19.55,169.27,76.06,82,0,3.96
398,Chimala,TZ,2020-11-05 15:17:58,-8.85,34.02,87.39,24,9,10.65
399,Whitewater,US,2020-11-05 15:17:58,42.83,-88.73,57.0,73,100,4.0
400,Moyamba,SL,2020-11-05 15:17:58,8.17,-12.43,86.68,64,77,3.44
401,Mason City,US,2020-11-05 15:17:30,43.15,-93.2,57.0,58,1,4.7
402,Belmonte,BR,2020-11-05 15:17:58,-15.86,-38.88,73.4,83,90,4.7
403,Saint-Georges,GD,2020-11-05 15:17:59,12.06,-61.75,86.0,70,20,17.22
404,Grafton,US,2020-11-05 15:15:45,42.21,-71.69,62.01,70,1,1.99
405,Huilong,CN,2020-11-05 15:17:59,31.81,121.66,63.0,91,87,10.63
406,Caxito,AO,2020-11-05 15:17:59,-8.58,13.66,84.2,70,40,8.05
407,Winneba,GH,2020-11-05 15:17:59,5.35,-0.62,86.0,74,20,10.29
408,Yuncheng,CN,2020-11-05 15:17:59,35.02,110.99,53.42,75,93,3.71
409,Haines Junction,CA,2020-11-05 15:17:59,60.75,-137.51,1.4,64,87,2.24
410,Sunyani,GH,2020-11-05 15:18:00,7.34,-2.33,89.64,50,92,2.42
411,San Cristobal,VE,2020-11-05 15:18:00,7.77,-72.22,80.6,88,40,2.24
412,Kita,ML,2020-11-05 15:18:00,13.03,-9.49,101.21,16,0,3.62
413,Sholokhove,UA,2020-11-05 15:18:00,47.69,34.03,53.55,76,77,9.42
414,Kichera,RU,2020-11-05 15:18:00,55.94,110.1,21.25,93,100,2.35
415,Opuwo,NA,2020-11-05 15:18:01,-18.06,13.84,91.13,12,45,21.3
416,Salvador,SV,2020-11-05 15:18:01,13.83,-88.92,73.4,100,90,2.24
417,Sao Desiderio,BR,2020-11-05 15:18:01,-12.36,-44.97,81.12,65,99,5.5
418,Clarence Town,AU,2020-11-05 15:18:01,-32.58,151.78,59.0,93,75,13.87
419,Quatre Cocos,MU,2020-11-05 15:18:01,-20.21,57.76,75.2,64,20,6.93
420,Townsville,AU,2020-11-05 15:15:47,-19.25,146.8,77.0,73,71,5.82
421,Xiaoweizhai,CN,2020-11-05 15:18:02,26.19,107.51,58.03,87,100,2.42
422,Tambacounda,SN,2020-11-05 15:18:02,13.75,-13.76,96.8,41,20,4.7
423,Rawson,AR,2020-11-05 15:18:02,-43.3,-65.1,66.74,27,0,19.06
424,Bonthe,SL,2020-11-05 15:18:02,7.53,-12.51,85.87,64,94,8.01
425,Zhigansk,RU,2020-11-05 15:18:02,66.77,123.37,-1.8,92,92,4.92
426,Port Hedland,AU,2020-11-05 15:14:39,-20.32,118.57,82.4,65,0,11.41
427,Puerto Penasco,MX,2020-11-05 15:18:02,31.32,-113.53,77.63,39,37,7.07
428,Yazman,PK,2020-11-05 15:18:03,29.12,71.74,73.24,20,0,4.45
429,Visby,SE,2020-11-05 15:18:03,57.64,18.3,51.01,87,75,21.92
430,Mareeba,AU,2020-11-05 15:18:03,-17.0,145.43,71.6,88,63,1.12
431,Bella Union,UY,2020-11-05 15:18:03,-30.28,-57.6,71.38,52,69,14.36
432,Changanacheri,IN,2020-11-05 15:18:03,9.47,76.55,76.33,95,100,2.93
433,Tiassale,CI,2020-11-05 15:18:04,5.9,-4.83,92.61,48,62,2.75
434,Cohoes,US,2020-11-05 15:18:04,42.77,-73.7,57.0,58,1,8.14
435,Progreso,MX,2020-11-05 15:18:04,21.28,-89.67,81.0,88,90,12.75
436,Iracoubo,GF,2020-11-05 15:18:04,5.48,-53.2,77.54,88,100,2.86
437,Mount Gambier,AU,2020-11-05 15:18:05,-37.83,140.77,46.4,87,90,4.7
438,Yenagoa,NG,2020-11-05 15:18:05,4.92,6.26,88.77,61,93,0.74
439,Payson,US,2020-11-05 15:18:05,40.04,-111.73,37.4,74,1,6.93
440,Sakakah,SA,2020-11-05 15:18:05,29.97,40.21,77.0,29,0,4.7
441,Lebedinyy,RU,2020-11-05 15:18:05,58.52,125.52,9.28,95,96,7.58
442,Tigre,AR,2020-11-05 15:18:06,-34.43,-58.58,73.0,52,0,9.17
443,Songea,TZ,2020-11-05 15:18:06,-10.68,35.65,86.0,37,0,13.87
444,Nhulunbuy,AU,2020-11-05 15:18:06,-12.23,136.77,80.6,74,0,3.36
445,Nioro,GM,2020-11-05 15:18:06,13.35,-15.75,95.58,38,12,7.14
446,Ust-Tsilma,RU,2020-11-05 15:18:06,65.44,52.15,38.35,93,100,7.07
447,Jiuquan,CN,2020-11-05 15:18:06,39.74,98.52,35.96,67,0,7.45
448,Eenhana,NA,2020-11-05 15:18:07,-17.47,16.33,98.6,11,0,8.05
449,Meulaboh,ID,2020-11-05 15:18:07,4.14,96.13,79.59,84,100,2.21
450,Nanae,JP,2020-11-05 15:18:07,41.88,140.68,47.35,68,0,12.01
451,Sumkino,RU,2020-11-05 15:18:07,58.11,68.32,30.97,99,87,5.82
452,Ahipara,NZ,2020-11-05 15:18:07,-35.17,173.17,61.97,96,35,5.23
453,Batsfjord,NO,2020-11-05 15:18:07,70.63,29.72,33.8,86,40,8.05
454,Svetlyy,RU,2020-11-05 15:18:08,54.67,20.13,51.8,76,75,22.37
455,Eunice,US,2020-11-05 15:17:56,30.49,-92.42,62.6,77,1,3.36
456,Chimoio,MZ,2020-11-05 15:18:08,-19.12,33.48,89.01,62,40,4.61
457,Roma,US,2020-11-05 15:16:04,43.21,-75.46,63.0,45,1,6.93
458,Ponta Do Sol,PT,2020-11-05 15:18:08,32.67,-17.1,66.2,55,40,12.75
459,Suluq,LY,2020-11-05 15:18:08,31.67,20.25,72.07,57,73,15.43
460,Mildura,AU,2020-11-05 15:18:08,-34.2,142.15,55.4,47,32,5.82
461,Bonavista,CA,2020-11-05 15:18:09,48.65,-53.11,35.01,69,0,4.7
462,Klaksvik,FO,2020-11-05 15:18:09,62.23,-6.59,50.0,100,98,20.8
463,Lorengau,PG,2020-11-05 15:18:09,-2.02,147.27,77.99,93,100,16.13
464,Gizo,SB,2020-11-05 15:18:09,-8.1,156.84,82.87,74,100,7.18
465,Garowe,SO,2020-11-05 15:18:09,8.41,48.48,84.94,26,23,0.4
466,Ferme-Neuve,CA,2020-11-05 15:18:09,46.7,-75.45,55.4,58,3,10.29
467,Vestmanna,FO,2020-11-05 15:18:10,62.16,-7.17,50.0,100,98,20.8
468,Movilita,RO,2020-11-05 15:18:10,44.65,26.48,55.4,76,0,4.7
469,Sudzha,RU,2020-11-05 15:18:10,51.2,35.27,46.29,82,98,9.84
470,Aransas Pass,US,2020-11-05 15:18:10,27.91,-97.15,75.0,83,90,5.82
471,Aklera,IN,2020-11-05 15:18:10,24.42,76.57,72.45,21,0,6.67
472,Ibra,OM,2020-11-05 15:18:10,22.69,58.53,70.38,23,0,5.3
473,Maceio,BR,2020-11-05 15:13:38,-9.67,-35.74,89.6,59,75,5.82
474,Tubuala,PA,2020-11-05 15:18:11,9.52,-79.03,82.99,74,40,12.75
475,Houston,US,2020-11-05 15:18:11,29.76,-95.36,71.01,73,20,8.05
476,Fukue,JP,2020-11-05 15:18:11,32.69,128.84,64.94,46,68,4.23
477,Tibiri,NE,2020-11-05 15:18:11,13.56,7.05,95.0,17,19,13.87
478,Shinshiro,JP,2020-11-05 15:18:11,34.9,137.5,52.0,79,0,1.99
479,Along,IN,2020-11-05 15:18:12,28.17,94.77,59.9,85,9,2.26
480,Reconquista,AR,2020-11-05 15:18:12,-29.15,-59.65,75.67,33,11,10.85
481,Bridlington,GB,2020-11-05 15:18:12,54.08,-0.19,53.6,81,50,4.7
482,Nicolas Bravo,MX,2020-11-05 15:18:12,18.45,-88.92,75.2,100,90,8.05
483,Sabile,LV,2020-11-05 15:18:12,57.05,22.57,50.49,80,100,14.7
484,Kainantu,PG,2020-11-05 15:18:13,-6.29,145.87,60.51,95,100,1.63
485,Grand Gaube,MU,2020-11-05 15:18:13,-20.01,57.66,75.0,72,15,5.99
486,Lamar,US,2020-11-05 15:18:13,33.67,-95.58,63.0,93,90,11.41
487,Yerbogachen,RU,2020-11-05 15:18:13,61.28,108.01,14.92,96,100,9.51
488,Kemijarvi,FI,2020-11-05 15:18:13,66.71,27.43,38.64,75,59,13.4
489,Elliot,ZA,2020-11-05 15:18:14,-31.33,27.85,61.34,70,97,12.33
490,Tommot,RU,2020-11-05 15:18:14,58.96,126.29,11.55,94,97,2.33
491,Svelgen,NO,2020-11-05 15:18:14,61.77,5.3,51.8,93,90,19.46
492,Sungairaya,ID,2020-11-05 15:18:14,0.7,108.9,79.27,78,100,0.45
493,Xingyi,CN,2020-11-05 15:18:14,24.19,102.82,54.12,97,6,2.66
494,Derbent,RU,2020-11-05 15:14:30,42.07,48.29,59.05,85,54,6.29
495,Port Hawkesbury,CA,2020-11-05 15:18:15,45.62,-61.35,43.0,62,90,10.29
496,Itoman,JP,2020-11-05 15:18:15,26.12,127.67,77.0,88,75,16.11
497,Sabha,LY,2020-11-05 15:18:15,27.04,14.43,79.83,20,7,7.99
498,Stettler,CA,2020-11-05 15:18:15,52.32,-112.72,48.2,81,97,11.41
499,Omboue,GA,2020-11-05 15:18:16,-1.57,9.26,77.81,87,85,5.46
500,Grajau,BR,2020-11-05 15:18:16,-5.82,-46.14,93.25,45,14,5.48
501,Broken Hill,AU,2020-11-05 15:18:16,-31.95,141.43,53.6,45,20,8.05
502,Acarau,BR,2020-11-05 15:18:16,-2.89,-40.12,88.0,54,36,18.52
503,Yantarnyy,RU,2020-11-05 15:18:17,54.87,19.94,51.8,76,75,22.37
504,Isabela,PH,2020-11-05 15:18:17,6.71,121.97,80.89,78,100,1.21
505,Kalaleh,IR,2020-11-05 15:18:17,37.38,55.49,68.0,60,0,4.7
506,Eyl,SO,2020-11-05 15:18:17,7.98,49.82,78.6,58,0,15.7
507,Czarnkow,PL,2020-11-05 15:18:17,52.9,16.56,48.2,76,40,11.41
508,Mogadishu,SO,2020-11-05 15:18:17,2.04,45.34,82.4,69,75,11.41
509,The Pas,CA,2020-11-05 15:18:18,53.83,-101.25,15.8,85,90,10.29
510,San Quintin,MX,2020-11-05 15:18:18,30.48,-115.95,70.38,47,100,2.19
511,Cortez,US,2020-11-05 15:18:18,37.35,-108.59,48.0,64,1,3.49
512,Tual,ID,2020-11-05 15:18:18,-5.67,132.75,82.65,79,86,12.62
513,Baryatino,RU,2020-11-05 15:18:18,54.31,34.52,39.69,89,33,8.37
514,Chone,EC,2020-11-05 15:18:18,-0.68,-80.1,82.65,52,90,1.54
515,Kendrapara,IN,2020-11-05 15:18:19,20.5,86.42,78.8,65,20,3.36
516,San Carlos De Bariloche,AR,2020-11-05 15:17:37,-41.15,-71.31,50.0,53,20,26.4
517,Ghanzi,BW,2020-11-05 15:18:19,-21.57,21.78,93.49,16,54,16.42
518,Shetpe,KZ,2020-11-05 15:18:19,44.17,52.12,52.47,31,31,9.24
519,Manggar,ID,2020-11-05 15:18:19,-2.88,108.27,80.38,84,100,6.91
520,Pangody,RU,2020-11-05 15:18:20,65.85,74.49,1.38,93,1,6.46
521,Martinho Campos,BR,2020-11-05 15:18:20,-19.33,-45.24,82.67,46,0,4.99
522,Kurduvadi,IN,2020-11-05 15:18:20,18.08,75.43,75.11,40,0,9.57
523,Altamira,BR,2020-11-05 15:18:20,-3.2,-52.21,84.2,74,90,5.82
524,Moindou,NC,2020-11-05 15:18:21,-21.69,165.68,69.8,94,0,2.24
525,Halvad,IN,2020-11-05 15:18:21,23.02,71.18,79.75,40,0,2.68
526,Pouso Alegre,BR,2020-11-05 15:18:21,-22.23,-45.94,78.62,40,11,10.96
527,Konce,MK,2020-11-05 15:18:21,41.5,22.39,57.67,66,87,1.14
528,Pochutla,MX,2020-11-05 15:18:21,15.74,-96.47,84.0,73,90,0.13
529,Yantal,RU,2020-11-05 15:18:22,56.85,105.25,25.32,96,100,6.49
530,Laguna,US,2020-11-05 15:14:11,38.42,-121.42,50.0,81,1,1.07
531,Cassilandia,BR,2020-11-05 15:18:22,-19.11,-51.73,92.44,21,0,3.22
532,Usinsk,RU,2020-11-05 15:18:22,65.99,57.53,34.9,97,100,14.79
533,Pitimbu,BR,2020-11-05 15:18:22,-7.47,-34.81,87.8,62,40,13.87
534,Kostomuksha,RU,2020-11-05 15:18:23,64.57,30.58,38.89,75,93,15.43
535,Rieti,IT,2020-11-05 15:18:23,42.41,12.86,63.0,77,0,4.7
536,Gamba,GA,2020-11-05 15:18:23,-2.65,10.0,79.12,84,99,6.42
537,Beni,CD,2020-11-05 15:18:23,0.5,29.47,77.52,73,37,1.95
538,Healdsburg,US,2020-11-05 15:18:23,38.61,-122.87,57.0,100,90,3.09
539,Baykit,RU,2020-11-05 15:18:24,61.67,96.37,8.06,89,100,7.87
540,Poum,NC,2020-11-05 15:18:24,-20.23,164.02,76.35,79,64,5.17
541,Clermont,FR,2020-11-05 15:18:24,49.5,2.42,50.0,71,0,11.41
542,Oil City,US,2020-11-05 15:18:24,41.43,-79.71,57.0,54,1,12.75
543,Noshiro,JP,2020-11-05 15:18:24,40.2,140.02,55.92,68,3,13.47
544,Qatana,SY,2020-11-05 15:18:24,33.44,36.08,64.4,48,40,11.41
545,Bendigo,AU,2020-11-05 15:18:25,-36.77,144.28,46.0,43,0,5.59
546,Awjilah,LY,2020-11-05 15:18:25,29.11,21.29,75.29,39,0,11.07
547,Ola,RU,2020-11-05 15:18:25,59.58,151.28,6.8,87,97,14.88
548,Slantsy,RU,2020-11-05 15:18:25,59.12,28.09,47.03,79,100,15.39
549,Qui Nhon,VN,2020-11-05 15:18:25,13.77,109.23,74.34,92,100,13.71
550,Okhotsk,RU,2020-11-05 15:18:25,59.38,143.3,8.37,89,85,17.92
551,Batatais,BR,2020-11-05 15:18:26,-20.89,-47.59,86.0,23,40,6.93
552,Lavrentiya,RU,2020-11-05 15:18:26,65.58,-171.0,35.06,95,100,33.91
553,Sao Sebastiao Do Passe,BR,2020-11-05 15:18:26,-12.51,-38.5,80.6,83,75,6.93
554,Saint-Francois,FR,2020-11-05 15:18:26,46.42,3.91,53.01,71,90,4.7
555,Tignere,CM,2020-11-05 15:18:26,7.37,12.65,80.65,41,30,8.7
556,Mandurah,AU,2020-11-05 15:18:27,-32.55,115.7,71.01,47,92,1.01
557,Dwarka,IN,2020-11-05 15:18:27,22.24,68.97,81.72,56,0,7.92
558,San Policarpo,PH,2020-11-05 15:18:27,12.18,125.51,79.75,83,11,4.92
559,Dali,CN,2020-11-05 15:18:27,25.7,100.18,55.27,85,1,4.81
560,Lydenburg,ZA,2020-11-05 15:18:27,-25.1,30.46,75.99,56,100,4.0
561,Horasan,TR,2020-11-05 15:18:27,40.05,42.17,53.11,63,100,4.65
